model,mean_rmse_norm,mean_rmse_denorm
LSTM_128_neurons_30_days,0.008893206453143097,0.009656651883862624
