Average_RMSE_norm,Average_RMSE_denorm
0.008893206453143097,0.009656651883862624
